{"cameraMode":{"drawMode":0,"name":"Shaded","section":"Shading Mode"},"sceneLighting":false,"audioPlay":false,"sceneViewState":{"m_AlwaysRefresh":false,"showFog":true,"showSkybox":false,"showFlares":true,"showImageEffects":true,"showParticleSystems":true,"showVisualEffectGraphs":true,"m_FxEnabled":true},"in2DMode":false,"pivot":{"x":0.059383392333984378,"y":1.4125721454620362,"z":0.049083709716796878},"rotation":{"x":0.4552670419216156,"y":-0.16518665850162507,"z":0.08638760447502136,"w":0.8706391453742981},"size":16.010114669799806,"orthographic":false}