{"cameraMode":{"drawMode":0,"name":"Shaded","section":"Shading Mode"},"sceneLighting":false,"audioPlay":false,"sceneViewState":{"m_AlwaysRefresh":false,"showFog":true,"showSkybox":false,"showFlares":true,"showImageEffects":true,"showParticleSystems":true,"showVisualEffectGraphs":true,"m_FxEnabled":true},"in2DMode":false,"pivot":{"x":-0.3908100128173828,"y":10.647789001464844,"z":-0.04999542236328125},"rotation":{"x":0.019555287435650827,"y":0.9552382230758667,"z":-0.28798067569732668,"w":0.06486545503139496},"size":30.49725341796875,"orthographic":false}